<?xml version="1.0" encoding="UTF-8"?>
<project-private xmlns="http://www.netbeans.org/ns/project-private/1">
    <editor-bookmarks xmlns="http://www.netbeans.org/ns/editor-bookmarks/2" lastBookmarkId="0"/>
    <open-files xmlns="http://www.netbeans.org/ns/projectui-open-files/2">
        <group>
            <file>file:/C:/Users/isaqu/OneDrive/Área%20de%20Trabalho/Projeto%20Final%20-%20%20Isaque%20da%20Silva%20Santos%20-%20CORRIGIDO/src/calculadorafinal/C_interface.java</file>
            <file>file:/C:/Users/isaqu/OneDrive/Área%20de%20Trabalho/Projeto%20Final%20-%20%20Isaque%20da%20Silva%20Santos%20-%20CORRIGIDO/src/calculadorafinal/C_abs_class.java</file>
            <file>file:/C:/Users/isaqu/OneDrive/Área%20de%20Trabalho/Projeto%20Final%20-%20%20Isaque%20da%20Silva%20Santos%20-%20CORRIGIDO/src/calculadorafinal/Calculadora.java</file>
            <file>file:/C:/Users/isaqu/OneDrive/Área%20de%20Trabalho/Projeto%20Final%20-%20%20Isaque%20da%20Silva%20Santos%20-%20CORRIGIDO/src/calculadorafinal/Calculo.java</file>
        </group>
    </open-files>
</project-private>
